{
  "fullscreen": false,
  "difficulty_scale": 1.0,
  "master_volume": 0.5999999999999999,
  "sfx_volume": 0.5999999999999999,
  "music_volume": 0.25,
  "music_enabled": true
}